原典,げんてん,N1,11209,original, source
合議,ごうぎ,N1,0,consultation, conference
興業,こうぎょう,N1,9444,starting a business; industry
交互,こうご,N1,11929,mutual, reciprocal, alternate
高尚,こうしょう,N1,0,high, noble, refined
抗争,こうそう,N1,7782,dispute, resistance
公団,こうだん,N1,11445,public corporation
講読,こうどく,N1,0,reading
光熱費,こうねつひ,N1,0,cost of fuel and light
購買,こうばい,N1,18411,purchase, buy
公募,こうぼ,N1,8679,public appeal, public contribution
国定,こくてい,N1,12157,state-sponsored, national
国防,こくぼう,N1,4374,national defense
焦げ茶,こげちゃ,N1,0,dark brown
快い,こころよい,N1,0,pleasant, agreeable
誤差,ごさ,N1,14854,error
こじれる,こじれる,N1,0,to get complicated, to grow worse
梢,こずえ,N1,0,treetop
こたつ,こたつ,N1,0,table with heater, (originally) charcoal brazier in a floor well
骨董品,こっとうひん,N1,0,curio
言付け,ことづけ,N1,0,to leave a message
殊に,ことに,N1,0,especially, above all
碁盤,ごばん,N1,0,Go board
籠もる,こもる,N1,0,to seclude oneself, to be confined in
暦,こよみ,N1,2121,calendar, almanac
凝らす,こらす,N1,0,to concentrate, to devote, to peer into
根底,こんてい,N1,0,root, basis, foundation
コントラスト,コントラスト,N1,0,contrast
採択,さいたく,N1,8038,adoption, selection, choice
杯,さかずき,N1,1247,wine cup
差し掛かる,さしかかる,N1,0,to come near to, to approach
差し出す,さしだす,N1,0,to present, to submit, to hold out
差し支える,さしつかえる,N1,0,to interfere, to hinder
授ける,さずける,N1,0,to grant, to award, to teach
摩する,さする,N1,0,to rub, to stroke
座談会,ざだんかい,N1,0,symposium, round-table discussion
座標,ざひょう,N1,1373,coordinates
サンキュー,サンキュー,N1,0,thank you
残金,ざんきん,N1,0,remaining money
山腹,さんぷく,N1,0,hillside, mountainside
強いて,しいて,N1,0,to dare, to insist
強いる,しいる,N1,0,to force, to compel, to coerce
色彩,しきさい,N1,8625,color
式場,しきじょう,N1,0,ceremonial hall, place of ceremony (e.g., marriage)
経路,けいろ,N1,4492,course, route, channel
けがらわしい,けがらわしい,N1,0,filthy, unfair
劇団,げきだん,N1,2618,troupe, theatrical company
結束,けっそく,N1,0,union, unity
月賦,げっぷ,N1,0,monthly installment
獣,けもの,N1,2190,beast, brute
家来,けらい,N1,0,retainer, retinue, servant
兼業,けんぎょう,N1,0,holding two jobs at the same time
原型,げんけい,N1,8858,prototype, model, archetypal
元首,げんしゅ,N1,3675,ruler, sovereign
貴い,とうとい,N1,0,precious, valuable, noble
トーン,トーン,N1,13354,tone
とぎれる,とぎれる,N1,0,to pause, to be interrupted
特産,とくさん,N1,13537,specialty, special product
特集,とくしゅう,N1,2388,feature (e.g., newspaper, special edition, report)
途絶える,とだえる,N1,0,to stop, to cease, to come to an end
とっさに,とっさに,N1,0,at once
殿様,とのさま,N1,0,feudal lord
土俵,どひょう,N1,13192,arena
溝,どぶ,N1,7118,ditch, drain, gap
土木,どぼく,N1,4059,public works
共稼ぎ,ともかせぎ,N1,0,working together, (husband and wife) earning a living together
ドライクリーニング,ドライクリーニング,N1,0,dry cleaning
トランジスター,トランジスター,N1,0,transistor
取り扱う,とりあつかう,N1,11501,to treat, to handle, to deal in
取り替え,とりかえ,N1,0,swap, exchange
取り組む,とりくむ,N1,12531,to tackle, to engage in a bout, to come to grips with
取締り,とりしまり,N1,0,control, crackdown, supervision
取り締まる,とりしまる,N1,0,to crack down, to control, to supervise
取り調べる,とりしらべる,N1,0,to investigate, to examine
取り立てる,とりたてる,N1,0,to collect, to extort
取り次ぐ,とりつぐ,N1,0,to act as an agent for, to announce (someone), to convey (a message)
取り付ける,とりつける,N1,0,to furnish, to install; to get someone's agreement
取り除く,とりのぞく,N1,15011,to remove, to take away, to set apart
取り巻く,とりまく,N1,0,to surround, to circle, to enclose
取り混ぜる,とりまぜる,N1,0,to mix, to put together
取り戻す,とりもどす,N1,12190,to take back, to regain
取り寄せる,とりよせる,N1,0,to order, to send away for
とろける,とろける,N1,0,melt; to be enchanted with
乃至,ないし,N1,0,from...to, between...and, or
内蔵,ないぞう,N1,7065,internal organ; built-in
内乱,ないらん,N1,18224,civil war, domestic conflict
中程,なかほど,N1,0,middle, midway
投げ出す,なげだす,N1,0,to abandon, to throw out
仲人,なこうど,N1,0,go-between, matchmaker
和やか,なごやか,N1,0,mild, calm, harmonious
情深い,なさけぶかい,N1,0,tender-hearted, compassionate
詰る,なじる,N1,0,to rebuke, to scold, to tell off
何気ない,なにげない,N1,0,casual, unconcerned
なにとぞ,なにとぞ,N1,0,please, kindly, by all means
生臭い,なまぐさい,N1,0,smelling of fish or blood, fish or meat
生温い,なまぬるい,N1,0,lukewarm, halfhearted
生身,なまみ,N1,0,living flesh, flesh and blood, the quick
嘗める,なめる,N1,0,to lick; to experience; to make fun of
並びに,ならびに,N1,6521,and
成り立つ,なりたつ,N1,12802,to consist of; to be practical (logical, feasible, viable), to be concluded, to hold true
なるたけ,なるたけ,N1,0,as much as possible, if possible
馴々しい,なれなれしい,N1,0,familiar, make free with
なんなり,なんなり,N1,0,anything, whatever
似通う,にかよう,N1,0,to resemble closely
逃げ出す,にげだす,N1,0,to run away, to escape from
にせ物,にせもの,N1,0,imitation, counterfeit
にも関わらず,にもかかわらず,N1,0,in spite of, nevertheless
抜け出す,ぬけだす,N1,0,to slip out, to sneak away, to excel
ねじまわし,ねじまわし,N1,0,screwdriver
捩れる,ねじれる,N1,0,twist, strain
熱量,ねつりょう,N1,0,calorific value
根回し,ねまわし,N1,0,making necessary arrangements
農耕,のうこう,N1,17234,farming, agriculture
納入,のうにゅう,N1,12358,payment, supply
軒並,のきなみ,N1,0,row of houses; uniformly
乗っ取る,のっとる,N1,0,to capture, to occupy, to take over
飲み込む,のみこむ,N1,0,to gulp down, to swallow deeply, to understand
乗り込む,のりこむ,N1,0,to board, to get into (a car); to march into, to enter
ばい菌,ばいきん,N1,0,bacteria, germ(s)
配偶者,はいぐうしゃ,N1,0,spouse
拝啓,はいけい,N1,0,-- a formal greeting used at the beginning of a letter --
配列,はいれつ,N1,7358,arrangement, array (programming)
一概に,いちがいに,N1,0,unconditionally, necessarily
一別,いちべつ,N1,0,parting
一面,いちめん,N1,0,one side, the other hand
一様,いちよう,N1,0,uniform, similar, equal
一律,いちりつ,N1,13230,even, uniform, equal
一挙に,いっきょに,N1,0,at a stroke, with a single swoop
一心,いっしん,N1,0,one mind, with rapt attention
一変,いっぺん,N1,0,complete change
卑しい,いやしい,N1,0,greedy, vulgar, shabby
陰気,いんき,N1,0,gloom, melancholy
隠居,いんきょ,N1,9079,retirement; retired person
インターチェンジ,インターチェンジ,N1,1663,interchange
インターナショナル,インターナショナル,N1,4022,international
インターフォン,インターフォン,N1,0,entry phone, intercom
受け入れ,うけいれ,N1,3686,receiving, acceptance
受け入れる,うけいれる,N1,11356,to accept, to receive
受け継ぐ,うけつぐ,N1,0,to inherit, to succeed
受け付ける,うけつける,N1,0,to be accepted, to receive (an application)
受け止める,うけとめる,N1,0,to catch, to react to, to take
受身,うけみ,N1,0,passive, passive voice
受持ち,うけもち,N1,0,charge (of something), matter in one's charge
うたた寝,うたたね,N1,0,dozing, napping
打ち明ける,うちあける,N1,0,to confess, to be open
打ち切る,うちきる,N1,0,to stop, to abort, to discontinue, to close
打ち消し,うちけし,N1,0,(gram) negation, denial, negative
打ち込む,うちこむ,N1,0,to devote oneself to, to shoot into
団扇,うちわ,N1,0,fan
空ろ,うつろ,N1,0,blank, hollow, empty
埋め込む,うめこむ,N1,0,to embed, implant
売り出し,うりだし,N1,0,(bargain) sale
売り出す,うりだす,N1,0,to put on sale, to market
云々,うんぬん,N1,7644,and so on, and so forth
運搬,うんぱん,N1,10123,transport, carriage
運輸,うんゆ,N1,2976,transportation
英字,えいじ,N1,16126,English letter (character)
映写,えいしゃ,N1,0,projection
婉曲,えんきょく,N1,0,euphemistic, indirect, insinuating
円満,えんまん,N1,0,harmony, peace, smoothness
追い込む,おいこむ,N1,0,to herd, to corner, to drive
追い出す,おいだす,N1,0,to expel, to drive out
於いて,おいて,N1,0,at, in, on
大柄,おおがら,N1,0,large build, large pattern
大筋,おおすじ,N1,0,outline, summary
オートマチック,オートマチック,N1,0,automatic
おおまか,おおまか,N1,0,rough, approximate
大水,おおみず,N1,0,flood
お産,おさん,N1,0,(giving) birth
押し切る,おしきる,N1,0,to have one's own way
押し込む,おしこむ,N1,0,to push into, to crowd into
押し寄せる,おしよせる,N1,0,to push aside, to advance on
雄,おす,N1,2370,male (animal)
御世辞,おせじ,N1,0,flattery, compliment
恐れ入る,おそれいる,N1,0,to be filled with awe, to feel small
落ち込む,おちこむ,N1,0,to get depressed
落ち着き,おちつき,N1,0,calm, composure
落葉,おちば,N1,0,fallen leaves
お使い,おつかい,N1,0,errand
お手上げ,おてあげ,N1,0,given in, given up hope
お供,おとも,N1,0,attendant, companion
同い年,おないどし,N1,0,of the same age
自ずから,おのずから,N1,0,naturally, as a matter of course
お袋,おふくろ,N1,0,mother
お宮,おみや,N1,0,Shinto shrine
思い付き,おもいつき,N1,0,plan, idea, suggestion
重んずる,おもんずる,N1,0,to honor, to respect, to value
オリエンテーション,オリエンテーション,N1,0,orientation
折り返す,おりかえす,N1,0,to turn up, to fold back
おろそか,おろそか,N1,0,neglect, negligence, carelessness
改悪,かいあく,N1,0,deterioration, changing for the worse
回送,かいそう,N1,15140,forwarding
階層,かいそう,N1,9173,class, level, stratum, hierarchy
改定,かいてい,N1,5550,reform
街頭,がいとう,N1,19570,in the street
概略,がいりゃく,N1,13110,outline, summary, gist
顔付き,かおつき,N1,0,facial expression
課外,かがい,N1,0,extracurricular
書き取る,かきとる,N1,0,to write down, to take dictation
掻き回す,かきまわす,N1,0,to stir up, to churn, to disturb
駆け足,かけあし,N1,0,running fast, double time
箇条書,かじょうがき,N1,0,itemized form, itemization
擦る,かする,N1,0,to rub, to chafe
化繊,かせん,N1,0,synthetic fibers
過疎,かそ,N1,0,depopulation
且つ,かつ,N1,15741,yet, and
予て,かねて,N1,0,previously, already, lately
噛み切る,かみきる,N1,0,to bite off, to gnaw through
カムバック,カムバック,N1,0,comeback
体付き,からだつき,N1,0,body build, figure
代る代る,かわるがわる,N1,0,alternately
灌漑,かんがい,N1,0,irrigation
玩具,がんぐ,N1,6628,toy
漢語,かんご,N1,0,Chinese word, Sino-Japanese word
願書,がんしょ,N1,0,application form
肝腎,かんじん,N1,0,essential, fundamental, crucial
感度,かんど,N1,15400,sensitivity, severity (quake)
元年,がんねん,N1,1403,first year (of a specific reign)
感無量,かんむりょう,N1,0,deep feeling, filled with emotion
慣例,かんれい,N1,10137,custom, precedent, of convention
規格,きかく,N1,2168,standard, norm
着飾る,きかざる,N1,0,to dress up
聞き取り,ききとり,N1,0,listening comprehension
効き目,ききめ,N1,0,effect, virtue, efficacy
帰京,ききょう,N1,0,returning to Tokyo
棄権,きけん,N1,8243,abstain from voting, renunciation of a right
気障,きざ,N1,0,affectation, conceit, snobbery
議事堂,ぎじどう,N1,12479,Diet building
寄贈,きぞう,N1,9553,donation, presentation
起点,きてん,N1,1974,starting point
規範,きはん,N1,12823,model, standard, example
気風,きふう,N1,0,character, traits, ethos
起伏,きふく,N1,0,undulation
きまりわるい,きまりわるい,N1,0,feeling awkward, being ashamed
脚色,きゃくしょく,N1,12946,dramatization (e.g., film
華奢,きゃしゃ,N1,0,delicate, slender
球根,きゅうこん,N1,0,(plant) bulb
旧知,きゅうち,N1,0,old friend, old friendship
窮乏,きゅうぼう,N1,0,poverty
寄与,きよ,N1,9080,contribution, service
共学,きょうがく,N1,3379,coeducation
強行,きょうこう,N1,7503,forcing, enforcement
強硬,きょうこう,N1,14813,firm, vigorous, stubborn
凶作,きょうさく,N1,0,bad harvest, poor crop
郷愁,きょうしゅう,N1,0,nostalgia, homesickness
興じる,きょうじる,N1,0,to amuse oneself, to make merry
共存,きょうぞん,N1,14762,coexistence
郷土,きょうど,N1,4227,homeland
共鳴,きょうめい,N1,12112,resonance, sympathy
局限,きょくげん,N1,0,limit, localize
清らか,きよらか,N1,0,clean, pure, chaste
切替,きりかえ,N1,0,exchange, conversion, switchover
切れ目,きれめ,N1,0,break, pause, gap
均衡,きんこう,N1,14586,equilibrium, balance
食い違う,くいちがう,N1,0,to cross each other, to differ
区切り,くぎり,N1,13958,an end, a stop, punctuation
くじびき,くじびき,N1,0,lottery, drawn lot
口吟む,くちずさむ,N1,0,to humble
嘴,くちばし,N1,0,beak, bill
朽ちる,くちる,N1,0,to rot
屈折,くっせつ,N1,17826,bending, indentation, refraction
首飾り,くびかざり,N1,0,necklace
組み込む,くみこむ,N1,0,to insert, to include, to cut in (printing)
組み合わせる,くみあわせる,N1,19226,to join together, to combine, to join up
軍服,ぐんぷく,N1,18036,military or naval uniform
傾斜,けいしゃ,N1,7857,inclination, slope, dip
点線,てんせん,N1,0,dotted line
転じる,てんじる,N1,0,to turn, to shift
転ずる,てんずる,N1,0,to turn, to shift
転任,てんにん,N1,19163,change of post
伝来,でんらい,N1,14488,ancestral, hereditary, imported
問い合わせる,といあわせる,N1,0,to inquire, to seek information
動員,どういん,N1,5728,mobilization
等級,とうきゅう,N1,5489,grade, class
道場,どうじょう,N1,6647,(arch) dojo, hall used for martial arts training, mandala
統制,とうせい,N1,7474,regulation, control
統率,とうそつ,N1,0,command, generalship, leadership
志向,しこう,N1,11884,intention, aim
嗜好,しこう,N1,14234,taste, liking, preference
時刻表,じこくひょう,N1,0,timetable, (train) schedule
下心,したごころ,N1,0,secret intention, motive
下地,したじ,N1,17483,groundwork, foundation
下調べ,したしらべ,N1,0,preliminary investigation
浅ましい,あさましい,N1,0,shameful, mean, despicable
嘲笑う,あざわらう,N1,0,to sneer at, to ridicule
味わい,あじわい,N1,0,flavor, relish
呆気ない,あっけない,N1,0,not enough, too quick (short, long, etc.)
斡旋,あっせん,N1,0,kind offices, mediation
当て字,あてじ,N1,0,phonetic-equivalent character, substitute character
跡継ぎ,あとつぎ,N1,0,heir, successor
雨具,あまぐ,N1,0,rain gear
荒っぽい,あらっぽい,N1,0,rough, rude
霰,あられ,N1,0,hail (e.g., falling ice balls)
有り様,ありさま,N1,0,state, condition
暗示,あんじ,N1,0,hint, suggestion
案の定,あんのじょう,N1,0,sure enough, as usual
いい加減,いいかげん,N1,15879,random, irresponsible
言い訳,いいわけ,N1,16648,excuse, explanation
イェス,イェス,N1,6163,yes; Jesus
生き甲斐,いきがい,N1,0,something one lives for, very important
行き違い,いきちがい,N1,0,misunderstanding, disagreement
幾多,いくた,N1,0,many, numerous
異見,いけん,N1,0,different opinion, objection
委託,いたく,N1,4107,consign (goods (for sale) to a firm), entrust
出題,しゅつだい,N1,9815,proposing a question
準急,じゅんきゅう,N1,12900,local express (train, slower than an express)
蒸溜,じょうりゅう,N1,0,distillation
植民地,しょくみんち,N1,0,colony
所定,しょてい,N1,15925,fixed, prescribed
初版,しょはん,N1,1520,first edition
書評,しょひょう,N1,15268,book review
親善,しんぜん,N1,8523,friendship
進呈,しんてい,N1,0,presentation
進度,しんど,N1,0,progress
信任,しんにん,N1,10392,trust, confidence, credence
診療,しんりょう,N1,4918,medical examination and treatment
数詞,すうし,N1,0,numeral
据え付ける,すえつける,N1,0,to install, to equip, to mount
すがすがしい,すがすがしい,N1,0,fresh, refreshing
濯ぐ,すすぐ,N1,0,to rinse, to wash out
ストロボ,ストロボ,N1,0,stroboscope (literally: strobo, strobe lamp, stroboscopic lamp)
すばしこい,すばしこい,N1,0,nimble, smart, quick
ずばり,ずばり,N1,0,decisively, unreservedly, frankly
スプリング,スプリング,N1,7892,spring
清ます,すます,N1,0,to clear, to make clear, to listen for
すみやか,すみやか,N1,0,speedy
ずらっと,ずらっと,N1,0,in a line, in a row
すれちがい,すれちがい,N1,0,chance encounter
擦れる,すれる,N1,0,to rub, to chafe
すんなり,すんなり,N1,0,pass with no objection, slim, slender
成育,せいいく,N1,0,growth, raising
成熟,せいじゅく,N1,11836,maturity, ripeness
盛装,せいそう,N1,0,be dressed up, wear rich clothes
静的,せいてき,N1,0,static
製鉄,せいてつ,N1,7696,iron manufacture
制約,せいやく,N1,7439,limitation, constraints
整列,せいれつ,N1,0,stand in a row, form a line
伜,せがれ,N1,0,son, my son
折衷,せっちゅう,N1,0,compromise, cross, blending, eclecticism
専修,せんしゅう,N1,7847,specialization
前提,ぜんてい,N1,3831,preamble, premise, prerequisite
先天的,せんてんてき,N1,0,inherent, congenital, hereditary
船舶,せんぱく,N1,4416,ship
全滅,ぜんめつ,N1,12488,annihilation
善良,ぜんりょう,N1,0,goodness, excellence, virtue
創刊,そうかん,N1,3886,launching (e.g., newspaper, first issue)
雑木,ぞうき,N1,0,various kinds of small trees, assorted trees
蔵相,ぞうしょう,N1,0,Minister of Finance
即する,そくする,N1,0,to conform to, to agree with, to be adapted to,
素っ気無い,そっけない,N1,0,cold, short, curt, blunt
外方,そっぽ,N1,0,look (or turn) the other way
備え付ける,そなえつける,N1,0,to provide, to equip, to install
備わる,そなわる,N1,0,to be furnished with
具わる,そなわる,N1,0,to be furnished with
聳える,そびえる,N1,0,to rise, to tower, to soar
ぞんざい,ぞんざい,N1,0,rude, careless, slovenly
待遇,たいぐう,N1,13625,treatment, reception
対決,たいけつ,N1,3851,confrontation, showdown
対談,たいだん,N1,6428,talk, dialogue
対等,たいとう,N1,15059,equivalent
対比,たいひ,N1,13303,contrast, comparison
大部,たいぶ,N1,0,most (e.g., most part, greater, fairly, a good deal, much)
大便,だいべん,N1,0,feces
代弁,だいべん,N1,0,speak for another
待望,たいぼう,N1,0,long-expected, waiting
タイムリー,タイムリー,N1,0,timely, run-batted-in (baseball), RBI
断える,たえる,N1,0,to cease, to become extinct
焚火,たきび,N1,0,(open) fire
妥結,だけつ,N1,0,agreement
足し算,たしざん,N1,0,addition
多数決,たすうけつ,N1,16269,majority rule
立ち去る,たちさる,N1,0,to leave, to depart
立ち寄る,たちよる,N1,0,to stop by, to drop in for a short visit
脱する,だっする,N1,0,to escape from, to get out
脱退,だったい,N1,4628,secession, withdrawal
立て替える,たてかえる,N1,0,to pay in advance, to pay for another
奉る,たてまつる,N1,0,to offer, to do respectfully
辿り着く,たどりつく,N1,0,to reach, to make it somehow
弛み,たるみ,N1,0,slack, slackening
弛む,たるむ,N1,0,to slacken, to loosen, to relax
担架,たんか,N1,0,stretcher, litter
短大,たんだい,N1,13981,junior college
短波,たんぱ,N1,17841,short wave
蛋白質,たんぱくしつ,N1,0,protein
断面,だんめん,N1,12508,cross section
チームワーク,チームワーク,N1,0,teamwork
畜産,ちくさん,N1,12844,animal husbandry
縮まる,ちぢまる,N1,0,to be shortened, to be contracted, to shrink
着色,ちゃくしょく,N1,13947,coloring, coloring
着目,ちゃくもく,N1,14988,attention
着工,ちゃっこう,N1,6555,start of (construction) work
茶の間,ちゃのま,N1,0,living room (Japanese style)
茶の湯,ちゃのゆ,N1,0,tea ceremony
ちやほや,ちやほや,N1,0,pamper, make a fuss of, spoil
中腹,ちゅうふく,N1,0,mountain side, halfway up
聴講,ちょうこう,N1,0,lecture attendance, auditing
聴診器,ちょうしんき,N1,0,stethoscope
調停,ちょうてい,N1,13004,arbitration, conciliation, mediation
重複,ちょうふく,N1,2636,duplication, repetition, overlapping, redundancy, restoration
塵取り,ちりとり,N1,0,dustpan
沈殿,ちんでん,N1,0,precipitation, deposition, settlement
使い道,つかいみち,N1,0,use
司る,つかさどる,N1,16303,to rule, to govern, to administer
つかの間,つかのま,N1,0,moment, brief time,
月並,つきなみ,N1,0,conventional, trite, common
継目,つぎめ,N1,0,joint, seam
付け加える,つけくわえる,N1,0,to add one thing to another
突っ突く,つっつく,N1,0,to prompt someone
突っ張る,つっぱる,N1,0,to support, to become stiff; to thrust (ones opponent), to stick to (ones opinion), to insist on
勤め先,つとめさき,N1,0,place of work
連なる,つらなる,N1,0,to extend, to stretch out, to stand in a row
釣り鐘,つりがね,N1,0,temple bell (for striking)
吊り革,つりかわ,N1,0,strap
ティシュペーパー,ティシュペーパー,N1,0,tissue
適性,てきせい,N1,0,aptitude
できもの,できもの,N1,0,boil, rash
デコレーション,デコレーション,N1,0,decoration
デッサン,デッサン,N1,0,rough sketch (FRE: dessin)
掌,てのひら,N1,12025,the palm
手筈,てはず,N1,0,arrangement, plan, program
手引,てびき,N1,0,guidance, guide, introduction
手回し,てまわし,N1,0,preparations, arrangements
照り返す,てりかえす,N1,0,to reflect, to throw back light
テレックス,テレックス,N1,0,telex, teletypewriter exchange
手分け,てわけ,N1,0,division of labor
転回,てんかい,N1,0,revolution, rotation
朗読,ろうどく,N1,6655,reading aloud, recitation
ロープウエイ,ロープウエイ,N1,0,ropeway, aerial tram
煩わしい,わずらわしい,N1,0,burdensome, troublesome, complicated
渡り鳥,わたりどり,N1,0,migratory bird, bird of passage
割当,わりあて,N1,19553,allotment, allocation, quota
割込む,わりこむ,N1,0,to cut in, to disturb
悪者,わるもの,N1,0,bad fellow, rascal
捗る,はかどる,N1,0,to make progress, to move right ahead (with the work), to advance
漠然,ばくぜん,N1,0,obscure, vague, equivocal
橋渡し,はしわたし,N1,0,bridge building', mediation
叩く,はたく,N1,19236,to strike, to clap, to dust, to beat
発芽,はつが,N1,0,germination
下火,したび,N1,0,burning low, waning, declining
質疑,しつぎ,N1,17738,question
実業家,じつぎょうか,N1,0,industrialist, businessman
実費,じっぴ,N1,0,actual expense, cost price
淑やか,しとやか,N1,0,graceful
萎びる,しなびる,N1,0,to shrivel, to fade
しなやか,しなやか,N1,0,supple, flexible, elastic
屎尿,しにょう,N1,0,human waste
地主,じぬし,N1,13063,landlord
凌ぐ,しのぐ,N1,0,to outdo, to surpass; to endure
三味線,しゃみせん,N1,13053,three-stringed Japanese guitar
私有,しゆう,N1,17419,private ownership
衆議院,しゅうぎいん,N1,1050,Lower House, House of Representatives
就業,しゅうぎょう,N1,17823,employment, starting work
従業員,じゅうぎょういん,N1,0,employee, worker
終始,しゅうし,N1,11946,from beginning to end; consistent(ly)
守衛,しゅえい,N1,0,security guard, doorkeeper
祝賀,しゅくが,N1,18517,celebration, congratulations
手芸,しゅげい,N1,0,handicrafts
微量,びりょう,N1,0,minuscule amount, extremely small quantity
貧弱,ひんじゃく,N1,0,poor, meager, insubstantial
風車,ふうしゃ,N1,18582,windmill
布巾,ふきん,N1,0,dish cloth
負債,ふさい,N1,13960,debt, liabilities
不順,ふじゅん,N1,0,irregularity, unseasonableness
不調,ふちょう,N1,14255,bad condition, disorder, slump
物議,ぶつぎ,N1,0,public discussion (criticism)
無難,ぶなん,N1,17013,safety, security
普遍,ふへん,N1,11639,universality, ubiquity, omnipresence
踏み込む,ふみこむ,N1,0,to step into (someone else's territory, to break into, to raid
扶養,ふよう,N1,0,support, maintenance
振り返る,ふりかえる,N1,14226,to turn head, to turn around, to look back
振り出し,ふりだし,N1,0,outset, starting point, drawing or issuing (draft)
浮力,ふりょく,N1,0,buoyancy
震わせる,ふるわせる,N1,0,to be shaking, to be trembling
付録,ふろく,N1,7032,appendix, supplement
文化財,ぶんかざい,N1,1416,cultural assets, cultural property
分業,ぶんぎょう,N1,0,division of labor, specialization, assembly-line production
文語,ぶんご,N1,0,written language, literary language
分散,ぶんさん,N1,7050,dispersion, decentralization, variance (statistics)
噴出,ふんしゅつ,N1,15184,spewing, gushing, spouting
ふんだん,ふんだん,N1,0,plentiful, abundant, lavish
分母,ぶんぼ,N1,0,denominator
並列,へいれつ,N1,11802,arrangement, parallel, abreast
辟易,へきえき,N1,0,wince, shrink back, succumbing to, being frightened
縁,へり,N1,3129,edge
へりくだる,へりくだる,N1,0,to deprecate oneself and praise the listener
返還,へんかん,N1,7463,return, restoration
弁論,べんろん,N1,18841,discussion, debate, argument
ボイコット,ボイコット,N1,0,boycott
法学,ほうがく,N1,3652,law, jurisprudence
方策,ほうさく,N1,0,plan, policy
報ずる,ほうずる,N1,0,to inform, to report
紡績,ぼうせき,N1,17117,spinning
葬る,ほうむる,N1,0,to bury, to entomb
放り込む,ほうりこむ,N1,0,to throw into
放り出す,ほうりだす,N1,0,to throw out, to give up, to abandon
惚ける,ぼける,N1,0,to grow senile, to fade
ポジション,ポジション,N1,1181,position
干し物,ほしもの,N1,0,dried washing (clothes
ぼつぼつ,ぼつぼつ,N1,0,gradually, here and there, spots
保養,ほよう,N1,19822,health preservation, recuperation, recreation
本館,ほんかん,N1,8319,main building
本国,ほんごく,N1,9550,one's own country
本体,ほんたい,N1,3407,substance, body, trunk
マイクロフォン,マイクロフォン,N1,0,microphone
賄う,まかなう,N1,0,to give board to, to provide meals, to pay
真心,まごころ,N1,0,sincerity, devotion
まごつく,まごつく,N1,0,to be confused, to be flustered
待ち合わせ,まちあわせ,N1,0,appointment
待ち遠しい,まちどおしい,N1,0,looking forward to
待ち望む,まちのぞむ,N1,0,to look anxiously for, to wait eagerly for
まちまち,まちまち,N1,0,various, different
真っ二つ,まっぷたつ,N1,0,in two equal parts
纏まり,まとまり,N1,0,conclusion, settlement, consistency
鞠,まり,N1,0,ball
丸々,まるまる,N1,0,completely
満場,まんじょう,N1,0,unanimous, whole audience
真ん前,まんまえ,N1,0,right in front, under the nose
真ん丸い,まんまるい,N1,0,perfectly circular
真ん円い,まんまるい,N1,0,perfectly round
幹,みき,N1,5769,(tree) trunk
微塵,みじん,N1,0,particle, atom
ミセス,ミセス,N1,0,Mrs.
見せ物,みせもの,N1,0,show, exhibition
身近,みぢか,N1,14798,near oneself, close to one, familiar
峰,みね,N1,3661,peak, ridge
身の上,みのうえ,N1,0,one's future, one's welfare, one's personal history
身の回り,みのまわり,N1,0,one's personal appearance, personal belongings
見計らう,みはからう,N1,0,to choose at one's own discretion
未練,みれん,N1,0,lingering affection, attachment, regret(s)
民俗,みんぞく,N1,4586,folk customs
結び付き,むすびつき,N1,0,connection, relation
結び付く,むすびつく,N1,0,to be connected or related, to join together
結び付ける,むすびつける,N1,0,to combine, to join, to tie on, to attach with a knot
空しい,むなしい,N1,0,vacant, futile, vain
無念,むねん,N1,0,chagrin, regret
無闇に,むやみに,N1,0,unreasonably, absurdly, at random
斑,むら,N1,13761,unevenness, inconsistency, irregularity
名産,めいさん,N1,0,noted product
目覚しい,めざましい,N1,0,brilliant, remarkable
目付き,めつき,N1,0,look, expression of the eyes, eyes
目途,めど,N1,0,goal, outlook
目盛,めもり,N1,0,scale, gradations
申し入れる,もうしいれる,N1,0,to propose, to suggest
申出,もうしで,N1,0,request, claim, report
申し出る,もうしでる,N1,0,to report to, to tell, to suggest
申し分,もうしぶん,N1,0,objection, shortcomings
盲点,もうてん,N1,0,blind spot
持ち切り,もちきり,N1,0,hot topic, talk of the town
専ら,もっぱら,N1,18571,wholly, solely, entirely
物好き,ものずき,N1,0,(idle) curiosity
腿,もも,N1,0,thigh, femur
盛り上がる,もりあがる,N1,0,to rouse, to swell, to rise
脆い,もろい,N1,0,brittle, fragile, tender-hearted
もろに,もろに,N1,0,completely, altogether, bodily
やりとおす,やりとおす,N1,0,to carry through, to achieve, to complete
優位,ゆうい,N1,9787,predominance, ascendancy, superiority
遊牧,ゆうぼく,N1,0,nomadism
濯ぐ,ゆすぐ,N1,0,to rinse, to wash out
養護,ようご,N1,9501,protection, nursing, protective care
様相,ようそう,N1,16459,aspect
洋風,ようふう,N1,0,western style
欲深い,よくふかい,N1,0,greedy
避ける,よける,N1,4437,to avoid (physical contact with; to ward off, to avert
横綱,よこづな,N1,7135,sumo grand champion
善し悪し,よしあし,N1,0,good or bad, merits or demerits, quality
余所見,よそみ,N1,0,looking away, looking aside
呼び止める,よびとめる,N1,0,to flag down
夜更し,よふかし,N1,0,staying up late, keeping late hours
余程,よほど,N1,0,very, much, to a large extent, quite
読み上げる,よみあげる,N1,0,to read out loud (and clearly), to call a roll
寄り掛かる,よりかかる,N1,0,to lean against, to recline on, to lean on, to rely on
酪農,らくのう,N1,0,dairy farming
濫用,らんよう,N1,19135,abuse, misuse, using to excess
利潤,りじゅん,N1,0,profit, returns
利息,りそく,N1,0,interest (bank)
領域,りょういき,N1,2361,area, territory, region
領海,りょうかい,N1,0,territorial waters
領地,りょうち,N1,9413,territory
林業,りんぎょう,N1,13608,forestry
類推,るいすい,N1,0,analogy
発病,はつびょう,N1,0,attack, to become sick
ばてる,ばてる,N1,0,to be exhausted, to be worn out
華々しい,はなばなしい,N1,0,brilliant, magnificent, spectacular
原っぱ,はらっぱ,N1,0,open field, empty lot, plain
張り紙,はりがみ,N1,0,notice, poster
版画,はんが,N1,10473,art print
万人,ばんにん,N1,0,all people, everybody, 10000 people
ビールス,ビールス,N1,0,virus
控室,ひかえしつ,N1,0,waiting room
引き上げる,ひきあげる,N1,0,to withdraw, to leave, to pull out
引き起こす,ひきおこす,N1,9934,to cause
引下げる,ひきさげる,N1,0,to pull down, to lower, to reduce, to withdraw
否決,ひけつ,N1,16901,rejection, negation, voting down
比重,ひじゅう,N1,19096,specific gravity
歪む,ひずむ,N1,0,to warp, to be distorted
引っ掻く,ひっかく,N1,0,to scratch
一頃,ひところ,N1,0,once, some time ago
雛祭,ひなまつり,N1,0,Girls' (dolls') Festival
日の丸,ひのまる,N1,0,the Japanese flag
冷やかす,ひやかす,N1,0,to banter, to make fun of, to jeer at, to cool, to refrigerate
標語,ひょうご,N1,10505,motto, slogan, catchword
～遣い,～つかい,N2,14173,use of ~
～辛い,～づらい,N2,15870,hard to do ~
扇ぐ,あおぐ,N2,0,to fan, to flap
明け方,あけがた,N2,0,dawn
編み物,あみもの,N2,0,knitting
あみもの,あみもの,N2,0,knitting, web
危うい,あやうい,N2,0,dangerous, critical
粗い,あらい,N2,0,coarse, rough
粗筋,あらすじ,N2,0,outline, synopsis
有難い,ありがたい,N2,0,grateful, thankful, appreciated
言い出す,いいだす,N2,0,to start talking, to suggest
生き生き,いきいき,N2,0,vividly, lively
生け花,いけばな,N2,0,flower arrangement
いってまいります,いってまいります,N2,0,(Lit.) I'll go and come back, 'I'm going, see you later'
緯度,いど,N2,1379,latitude (navigation)
入れ物,いれもの,N2,0,container, case
インキ,インキ,N2,0,ink
ウーマン,ウーマン,N2,16266,woman
受取,うけとり,N2,0,receipt
受け持つ,うけもつ,N2,0,to take (be in) charge of
打ち合わせ,うちあわせ,N2,0,business meeting, previous arrangement
打ち消す,うちけす,N2,0,to deny, to negate
売り上げ,うりあげ,N2,6917,amount sold, sales, proceeds, takings, turnover
売り切れ,うりきれ,N2,0,sold-out
売り切れる,うりきれる,N2,0,to be sold out
売れ行き,うれゆき,N2,0,sales, demand
うろうろ,うろうろ,N2,0,loitering, aimless wandering
絵の具,えのぐ,N2,0,colors, paints
オートメーション,オートメーション,N2,0,automation
追い越す,おいこす,N2,0,to pass (e.g., car), to outdistance, to outstrip
応ずる,おうずる,N2,0,to respond, to comply with
欧米,おうべい,N2,6771,Europe and America, the West
おおざっぱ,おおざっぱ,N2,0,rough (not precise), broad, sketchy
大凡,おおよそ,N2,0,about, approximately
お帰り,おかえり,N2,0,return, welcome
お代わり,おかわり,N2,0,second helping, another cup
お気の毒に,おきのどくに,N2,0,I'm sorry to hear that…
送り仮名,おくりがな,N2,0,part of word written in kana
お先に,おさきに,N2,0,before, after you
小父さん,おじさん,N2,0,(hon.) middle-aged gentleman, uncle
お邪魔します,おじゃまします,N2,0,Excuse me for disturbing you
お世話になる,おせわになる,N2,0,I've been in your care
お大事に,おだいじに,N2,0,Take care of yourself, Take care!, Get well soon
落着く,おちつく,N2,0,to calm down, to settle down
お出掛け,おでかけ,N2,0,outing
お手伝いさん,おてつだいさん,N2,0,maid
落し物,おとしもの,N2,0,lost property
お願いします,おねがいします,N2,0,Please (lit., I request)
小母さん,おばさん,N2,0,lady, woman, ma'am
お参り,おまいり,N2,0,worship, shrine visit
お待たせしました,おまたせしました,N2,0,Sorry to have kept you waiting
おまちどおさま,おまちどおさま,N2,0,Sorry to have kept you waiting
思い掛けない,おもいがけない,N2,0,unexpected, casual
思い切り,おもいきり,N2,0,with all one's strength (heart), resignation, resolution
思い込む,おもいこむ,N2,0,to be under impression that, to be convinced that
思いっ切り,おもいっきり,N2,0,very, much, fully
お休み,おやすみ,N2,0,holiday, absence; (exp.) Good night
御中,おんちゅう,N2,0,Messrs.
女の人,おんなのひと,N2,0,woman
回数券,かいすうけん,N2,0,book of tickets
概論,がいろん,N2,19297,introduction, general remark
却って,かえって,N2,0,on the contrary, rather
書取,かきとり,N2,0,dictation
各自,かくじ,N2,19414,individual, each
拡充,かくじゅう,N2,14125,expansion
学力,がくりょく,N2,13296,scholarship, knowledge
掛け算,かけざん,N2,0,multiplication
かけざん,かけざん,N2,0,multiplication
火口,かこう,N2,0,crater (of a volcano)
下降,かこう,N2,17366,decline, descent, fall
貸し出し,かしだし,N2,0,lending, loaning
貸家,かしや,N2,0,house for rent
加速度,かそくど,N2,14601,acceleration
活字,かつじ,N2,16664,printing type
仮名遣い,かなづかい,N2,0,kana orthography, syllabary spelling
過半数,かはんすう,N2,13575,majority
被せる,かぶせる,N2,0,to cover (with something)
紙屑,かみくず,N2,0,wastepaper
瓦,かわら,N2,9208,roof tile
寒帯,かんたい,N2,0,frigid zone
官庁,かんちょう,N2,13846,government office, authorities
漢和,かんわ,N2,0,Chinese Character-Japanese (e.g., dictionary)
規準,きじゅん,N2,0,standard, basis, criteria
切っ掛け,きっかけ,N2,0,chance, start, cue, excuse, motive, impetus, occassion
気を付ける,きをつける,N2,0,to be careful, to pay attention, to take care
区切る,くぎる,N2,0,to punctuate, to cut off, to mark off
屑,くず,N2,0,waste, scrap
組み合わせ,くみあわせ,N2,3821,combination
組み立てる,くみたてる,N2,0,to assemble, to set up, to construct
蛍光灯,けいこうとう,N2,0,fluorescent lamp
形容動詞,けいようどうし,N2,0,adjectival noun, quasi-adjective
激増,げきぞう,N2,0,sudden increase
原料,げんりょう,N2,8528,raw materials
コーラス,コーラス,N2,4668,chorus
光線,こうせん,N2,9580,beam, light ray
耕地,こうち,N2,0,arable land
交通機関,こうつうきかん,N2,0,transportation facilities
高等学校,こうとうがっこう,N2,0,senior high school
こくせき,こくせき,N2,0,nationality
ご苦労様,ごくろうさま,N2,0,Thank you for your hard work
言付ける,ことづける,N2,0,to leave a message
御無沙汰,ごぶさた,N2,0,not writing or contacting for a while
堪える,こらえる,N2,0,to bear, to endure, to put up with
御覧,ごらん,N2,0,(hon.) look, inspection, try
献立,こんだて,N2,0,menu
逆様,さかさま,N2,0,reverse, upside down
酒場,さかば,N2,12725,bar, bar-room
一昨昨日,さきおととい,N2,0,two days before yesterday, three days ago
索引,さくいん,N2,3609,index, indices
作製,さくせい,N2,0,manufacture, production
座敷,ざしき,N2,0,tatami room
差し支え,さしつかえ,N2,16446,hindrance, impediment
差し引き,さしひき,N2,0,deduction, balance
座布団,ざぶとん,N2,0,cushion (Japanese)
産地,さんち,N2,9714,producing area
山林,さんりん,N2,18317,mountain forest
しーん,しーん,N2,2150,silent (as the grave), (deathly) quiet
司会,しかい,N2,2494,host, chairperson
四角い,しかくい,N2,0,square
自然科学,しぜんかがく,N2,0,natural science
しつれいしました,しつれいしました,N2,0,Excuse me., I'm sorry.
私鉄,してつ,N2,6383,private railway
地盤,じばん,N2,12070,(the) ground
萎む,しぼむ,N2,0,to wither (of flowers, dreams, etc.), to wilt
締め切り,しめきり,N2,0,deadline, closing, cut-off, end
締め切る,しめきる,N2,0,to close, cancel
社会科学,しゃかいかがく,N2,0,social science
集金,しゅうきん,N2,0,money collection
習字,しゅうじ,N2,0,penmanship
重体,じゅうたい,N2,0,serious condition, critical condition
重点,じゅうてん,N2,8889,important point, lay stress on, emphasis
主役,しゅやく,N2,6352,leading part
巡査,じゅんさ,N2,10106,policeman
順々,じゅんじゅん,N2,0,in order, in turn
消極的,しょうきょくてき,N2,0,passive
生ずる,しょうずる,N2,0,to cause, to arise, to be generated
正味,しょうみ,N2,0,net (weight)
知り合い,しりあい,N2,9535,acquaintance
信ずる,しんずる,N2,0,to believe
人造,じんぞう,N2,13469,man-made, synthetic, artificial
人文科学,じんぶんかがく,N2,0,social sciences, humanities
針路,しんろ,N2,0,course, direction
水産,すいさん,N2,5437,marine products, fisheries
水滴,すいてき,N2,0,drop of water
随筆,ずいひつ,N2,9456,essays, miscellaneous writings
水平線,すいへいせん,N2,0,horizon
末っ子,すえっこ,N2,0,youngest child
杉,すぎ,N2,5811,Japanese cedar
好き嫌い,すききらい,N2,0,likes and dislikes, taste
好き好き,すきずき,N2,0,matter of taste
透き通る,すきとおる,N2,0,to be(come) transparent
図形,ずけい,N2,16603,figure
図表,ずひょう,N2,0,chart, diagram, graph
ずらり,ずらり,N2,0,in a line, in a row
青少年,せいしょうねん,N2,8981,youth, young person
整数,せいすう,N2,8930,integer
生長,せいちょう,N2,0,growth (of a plant)
専制,せんせい,N2,0,despotism, autocracy
先々月,せんせんげつ,N2,0,month before last
先々週,せんせんしゅう,N2,0,2 weeks before
増減,ぞうげん,N2,16255,increase and decrease, fluctuation
造船,ぞうせん,N2,4559,shipbuilding
総理大臣,そうりだいじん,N2,0,Prime Minister
卒直,そっちょく,N2,0,frank, candid, honest
その他,そのほか,N2,481,besides
それなのに,それなのに,N2,0,though, although
逸れる,それる,N2,0,to stray (turn) from subject, to go astray
存ずる,ぞんずる,N2,0,(humble) to know
損得,そんとく,N2,0,loss and gain, advantage and disadvantage
タイア,タイア,N2,0,tire, tyre
体積,たいせき,N2,13600,capacity, volume
ダイヤグラム,ダイヤグラム,N2,0,diagram
但し,ただし,N2,5614,but, however, provided that
立ち止まる,たちどまる,N2,0,to stop, to halt, to stand still
だらしない,だらしない,N2,0,slovenly, loose, a slut
たんす,たんす,N2,0,chest of drawers
断定,だんてい,N2,8864,conclusion, decision
田ぼ,たんぼ,N2,0,paddy field, farm
地下水,ちかすい,N2,0,underground water
力強い,ちからづよい,N2,0,powerful, strong, vigorous
縮める,ちぢめる,N2,0,to shorten, to reduce, to shrink
縮れる,ちぢれる,N2,0,to be wavy, to be curled
長短,ちょうたん,N2,0,length, long and short, +-
調味料,ちょうみりょう,N2,0,condiment, seasoning
直流,ちょくりゅう,N2,7484,direct current
貯蔵,ちょぞう,N2,14888,storage, preservation
塵紙,ちりがみ,N2,0,tissue paper, toilet paper
つうか,つうか,N2,0,currency
通帳,つうちょう,N2,0,bankbook
突き当たり,つきあたり,N2,0,end (e.g., of street)
突き当たる,つきあたる,N2,0,to run into, to collide with
月日,つきひ,N2,8161,time, years, days
突っ込む,つっこむ,N2,0,to plunge into, to stick into
釣り合う,つりあう,N2,0,to balance, to be in harmony, to suit
定期券,ていきけん,N2,0,commuter pass, season ticket
定休日,ていきゅうび,N2,0,regular holiday
出入口,でいりぐち,N2,5752,exit and entrance
出入り口,でいりぐち,N2,0,exit and entrance
適確,てきかく,N2,0,precise, accurate
手拭い,てぬぐい,N2,0,(hand) towel
問い合わせ,といあわせ,N2,5955,inquiry
同格,どうかく,N2,0,the same rank, equality, apposition
等分,とうぶん,N2,0,division into equal parts
通り掛かる,とおりかかる,N2,0,to happen to pass by
溶け込む,とけこむ,N2,0,to melt into; to become a part of
退ける,どける,N2,0,to dislodge, to put something out of the way
床の間,とこのま,N2,0,alcove
所々,ところどころ,N2,0,here and there, some parts (of something)
殿,どの,N2,3684,Mister (mostly in addressing someone on an envelope)
飛び込む,とびこむ,N2,0,to jump in, to leap in, to plunge into
取り入れる,とりいれる,N2,0,to harvest, to take in, to adopt
取り消す,とりけす,N2,0,to cancel
取り出す,とりだす,N2,0,to take out, to pick out
謎謎,なぞなぞ,N2,0,riddle
傾らか,なだらか,N2,0,gradual, gentle
なにしろ,なにしろ,N2,0,at any rate, in any case
何々,なになに,N2,0,such and such, What?
倣う,ならう,N2,0,to imitate, to follow, to emulate
日用品,にちようひん,N2,0,daily necessities
俄,にわか,N2,0,sudden, abrupt, unexpected
捩る,ねじる,N2,0,to twist
熱する,ねっする,N2,0,to heat
乗換,のりかえ,N2,7420,a transfer (e.g., trains, buses)
乗り換え,のりかえ,N2,11271,(n) transfer (trains, buses, etc.)
乗り越し,のりこし,N2,0,riding past (one's station)
鈍い,のろい,N2,0,dull (e.g., a knife), slow (opposite of fast), stupid
ばからしい,ばからしい,N2,0,absurd
秤,はかり,N2,0,scales, weighing machine
吐き気,はきけ,N2,0,nausea, sickness in the stomach
果して,はたして,N2,0,as was expected, really
×,ばつ,N2,448,cross
話合い,はなしあい,N2,0,discussion, talk
話し合い,はなしあい,N2,8980,discussion, talk, conference
話し掛ける,はなしかける,N2,0,to accost a person, to talk (to someone)
話中,はなしちゅう,N2,0,while talking, the line is busy
払い込む,はらいこむ,N2,0,to deposit, to pay in
払い戻す,はらいもどす,N2,0,to repay, to pay back
張り切る,はりきる,N2,0,to be in high spirits, to be full of vigor
引受る,ひきうける,N2,0,to undertake, to take up, to take over
引き返す,ひきかえす,N2,0,to turn back, to go back, reverse
引算,ひきざん,N2,0,subtraction
引き出す,ひきだす,N2,0,to pull out, to take out, to withdraw
引き止める,ひきとめる,N2,0,to keep back, to prevent, to hold back
引分け,ひきわけ,N2,0,a draw (in competition), tie game
引き分け,ひきわけ,N2,10697,draw (in competition), tie game
ぴたり,ぴたり,N2,0,exactly; close-fitting
引っ掛かる,ひっかかる,N2,0,to be caught in, to be stuck in
引っ繰り返す,ひっくりかえす,N2,0,to turn over, to overturn, to knock over
引っ繰り返る,ひっくりかえる,N2,0,to be overturned, to be upset, to topple over, to be reversed
引っ越し,ひっこし,N2,12391,moving (dwelling, office, etc.), changing residence
引っ込む,ひっこむ,N2,0,to draw back, to sink, to cave in
必需品,ひつじゅひん,N2,0,necessities, essential
人差指,ひとさしゆび,N2,0,index finger
一通り,ひととおり,N2,0,general, briefly
独り言,ひとりごと,N2,0,a soliloquy, a monologue, speaking to oneself
日日,ひにち,N2,12125,date
捻る,ひねる,N2,0,to twist, to turn
日の入り,ひのいり,N2,0,sunset
日の出,ひので,N2,17358,sunrise
ひゃっかじてん,ひゃっかじてん,N2,0,encyclopedia
百科事典,ひゃっかじてん,N2,0,encyclopedia
標本,ひょうほん,N2,8053,example, specimen
ビルディング,ビルディング,N2,12650,building
複写,ふくしゃ,N2,0,copy, duplicate
ふくめる,ふくめる,N2,0,to include, to instruct, to make one understand
符号,ふごう,N2,5784,sign, mark, symbol
部首,ぶしゅ,N2,0,radical (of a kanji character)
蒸かす,ふかす,N2,0,to steam (food, towel, etc.) to be hot and humid, to be sultry
襖,ふすま,N2,0,sliding screen
附属,ふぞく,N2,2157,attached, belonging, affiliated
ぶらさげる,ぶらさげる,N2,0,to hang, to suspend, to swing
振り仮名,ふりがな,N2,0,pronunciation key
振り向く,ふりむく,N2,0,to turn one's face, to turn around
古里,ふるさと,N2,0,home town, birthplace
風呂敷,ふろしき,N2,0,wrapping cloth, cloth wrapper
文芸,ぶんげい,N2,4438,literature, art and literature
文献,ぶんけん,N2,480,literature, books (reference)
文房具,ぶんぼうぐ,N2,0,stationery
分量,ぶんりょう,N2,9941,amount, quantity
箒,ほうき,N2,0,broom
牧畜,ぼくちく,N2,0,stock-farming
坊っちゃん,ぼっちゃん,N2,0,son (of others)
枚数,まいすう,N2,10314,the number of flat things
まごまご,まごまご,N2,0,confused, be at a loss
跨ぐ,またぐ,N2,0,to step over/across, to stride over/across, to cross to stretch over, to span, to bridge, to saddle, to straddle
待ち合わせる,まちあわせる,N2,0,to rendezvous, to meet at a prearranged place and time
真っ暗,まっくら,N2,0,total darkness
真っ黒,まっくろ,N2,0,pitch black
真っ青,まっさお,N2,0,deep blue, ghastly pale
真っ先,まっさき,N2,0,foremost, beginning
真っ白,まっしろ,N2,0,pure white
窓口,まどぐち,N2,6629,(ticket) window
間も無く,まもなく,N2,0,soon, in a short time
回り道,まわりみち,N2,0,detour
店屋,みせや,N2,0,store, shop
見詰める,みつめる,N2,0,to stare at, to gaze at
無地,むじ,N2,0,plain
蒸し暑い,むしあつい,N2,0,humid, sultry
命ずる,めいずる,N2,0,to command, to appoint
銘々,めいめい,N2,0,each, individual
目下,めした,N2,0,at present, now
目安,めやす,N2,5506,criterion, aim
申し訳ない,もうしわけない,N2,0,inexcusable, I am sorry
凭れる,もたれる,N2,0,to lean against, to lean on, to recline on
物凄い,ものすごい,N2,0,earth-shattering, staggering, to a very great extent
モノレール,モノレール,N2,8998,monorail
紅葉,もみじ,N2,11328,(Japanese) maple
喧しい,やかましい,N2,0,noisy, loud, clamorous, boisterous
薬品,やくひん,N2,10336,medicine(s), chemical(s)
やむをえない,やむをえない,N2,0,cannot be helped, unavoidable
軟らかい,やわらかい,N2,0,soft, tender, limp
遊園地,ゆうえんち,N2,0,amusement park
湯飲み,ゆのみ,N2,0,teacup
湯飲,ゆのみ,N2,0,teacup
溶岩,ようがん,N2,15114,lava
要旨,ようし,N2,14030,gist, essentials, summary
容積,ようせき,N2,18276,capacity, volume
洋品店,ようひんてん,N2,0,clothes store
養分,ようぶん,N2,0,nourishment, nutrient
よごす,よごす,N2,0,(1) to disgrace, to dishonour, (2) to pollute, to contaminate, to soil, to make dirty, to stain
余所,よそ,N2,0,another place, somewhere else, strange parts
四つ角,よつかど,N2,0,four corners, crossroads
酔っ払い,よっぱらい,N2,0,drunkard
呼び掛ける,よびかける,N2,0,to call out to, to accost, to address (crowd), to appeal
呼び出す,よびだす,N2,0,to summon, to call (e.g., phone)
蘇る,よみがえる,N2,0,to be resurrected, to be revived
慶ぶ,よろこぶ,N2,0,to be delighted, to be glad
リポート,リポート,N2,10689,report, paper
零点,れいてん,N2,0,zero, no marks
レクリェーション,レクリェーション,N2,18222,recreation
ローマ字,ローマじ,N2,5625,romanization, Roman letters (alphabet)
論ずる,ろんずる,N2,0,to argue, to discuss
和英,わえい,N2,0,Japanese-English
若々しい,わかわかしい,N2,0,youthful, young
割合に,わりあいに,N2,0,relatively, comparatively
割算,わりざん,N2,0,division (math)
ジェット機,ジェットき,N3,0,jet plane
四角,しかく,N3,0,square
奨学金,しょうがくきん,N3,0,scholarship
商人,しょうにん,N3,5103,trader, shopkeeper, merchant
知合い,しりあい,N3,0,acquaintance
角,すみ,N3,1734,corner
為る,する,N3,0,to do, to attempt
すれ違う,すれちがう,N3,0,to pass by one another
精々,せいぜい,N3,0,at the most, at best
積極的,せっきょくてき,N3,0,positive, active, proactive
当たり前,あたりまえ,N3,11300,natural, reasonable, obvious, usual, common, ordinary, commonplace, the norm
著す,あらわす,N3,0,to write, to publish
生き物,いきもの,N3,15403,living thing, creature
一度に,いちどに,N3,0,all at once
受け取る,うけとる,N3,10579,to receive, to get, to accept
追い付く,おいつく,N3,0,to overtake, to catch up (with)
お辞儀,おじぎ,N3,0,bow
お洒落,おしゃれ,N3,0,smartly dressed, fashion-conscious
お喋り,おしゃべり,N3,0,chattering, talk
お互い,おたがい,N3,4262,mutual, reciprocal, each other
男の人,おとこのひと,N3,0,man
お昼,おひる,N3,0,lunch, noon
お前,おまえ,N3,7190,you (sing), presence (of a high personage)
お目に掛かる,おめにかかる,N3,0,meet ~, see ~
思い付く,おもいつく,N3,0,to think of, to hit upon
思い出,おもいで,N3,6224,memories, recollections, reminiscence
反る,かえる,N3,0,to warp, to be warped, to curve
髪の毛,かみのけ,N3,0,hair (head)
可愛そう,かわいそう,N3,0,poor, pitiable, pathetic
気に入る,きにいる,N3,0,to like, to be please
気の毒,きのどく,N3,0,pitiful, a pity
咥える,くわえる,N3,0,to hold something in the mouth
寧ろ,むしろ,N3,0,rather, better, instead
申し込む,もうしこむ,N3,0,to apply for, to make an application
申し訳,もうしわけ,N3,1578,apology, excuse
持ち上げる,もちあげる,N3,0,to raise, to lift up, to flatter
尤も,もっとも,N3,0,quite right, plausible, natural
素,もと,N3,4837,prime
世の中,よのなか,N3,11198,society, the world
悪口,わるくち,N3,0,abuse, insult
当り,あたり,N3,0,hit, success, reaching the mark
傷める,いためる,N3,0,to damage, to impair, to spoil
衣料,いりょう,N3,18348,clothing
加味,かみ,N3,0,seasoning, flavoring
慣行,かんこう,N3,18780,customary practice, habit, traditional event
季刊,きかん,N3,16093,quarterly (e.g., magazine)
丘陵,きゅうりょう,N3,8444,hill
計器,けいき,N3,0,meter, gauge
具える,そなえる,N3,0,to be furnished with
立ち上がる,たちあがる,N3,0,to stand up
偶,たま,N3,0,even number, couple, friend
偶々,たまたま,N3,0,unexpectedly, accidentally, by chance
付き合い,つきあい,N3,11679,socialization; friendship; association
付合う,つきあう,N3,0,to associate with, to keep company with, to get on with
繋げる,つなげる,N3,0,to connect
出合い,であい,N3,0,an encounter
適する,てきする,N3,0,to fit, to suit
銅貨,どうか,N3,0,copper coin
通り過ぎる,とおりすぎる,N3,0,to pass, to pass through
飛び出す,とびだす,N3,0,to jump out, to rush out, to fly out
取り上げる,とりあげる,N3,12831,to take up, to pick up; to confiscate
中味,なかみ,N3,0,contents, interior, filling
梅雨,ばいう,N3,0,rainy season
話し合う,はなしあう,N3,0,to discuss, to talk together
放れる,はなれる,N3,0,to leave, to get free, to cut oneself off
引っ張る,ひっぱる,N3,0,to pull, to stretch, to drag
一人一人,ひとりひとり,N3,0,one by one, each
殖やす,ふやす,N3,0,to increase, to add to
方々,ほうぼう,N3,285,here and there, everywhere
堀,ほり,N3,3756,moat, canal
濠,ほり,N3,19009,moat
交ざる,まざる,N3,0,to be mixed, to mingle with
交ぜる,まぜる,N3,0,to be mixed, to be blended with
真っ赤,まっか,N3,0,deep red, flushed (of face)
視覚,しかく,N3,6766,sense of sight, vision
磁器,じき,N3,0,porcelain, china
字体,じたい,N3,10989,font, lettering
女史,じょし,N3,0,Ms.
振興,しんこう,N3,2421,promotion, encouragement
水洗,すいせん,N3,0,flushing
姓名,せいめい,N3,9190,full name
同志,どうし,N3,12876,same mind, comrade, kindred soul
年鑑,ねんかん,N3,2399,yearbook
諮る,はかる,N3,0,to consult with, to confer
捲る,めくる,N3,0,to turn over, to turn pages of a book
野党,やとう,N3,8651,opposition party
運転手,うんてんしゅ,N4,0,driver (by occupation)
お宅,おたく,N4,0,(someone else's) house; home -- polite word for 家 (いえ) --
売り場,うりば,N4,19564,place where things are sold
贈り物,おくりもの,N4,16045,a gift; a present
申し上げる,もうしあげる,N4,0,(humble)to say, to tell
会議室,かいぎしつ,N4,0,conference room
柔道,じゅうどう,N4,1744,judo
お礼,おれい,N4,12229,expression of gratitude; thanking; gift of appreciation; bow
お祭り,おまつり,N4,0,festival
赤ん坊,あかんぼう,N4,18023,baby
食料品,しょくりょうひん,N4,0,foodstuff, groceries
思い出す,おもいだす,N4,0,to recall, to remember
ご主人,ごしゅじん,N4,0,(your, her) husband
お嬢さん,おじょうさん,N4,0,(someone's) daughter (polite)
お土産,おみやげ,N4,0,souvenir
お祝い,おいわい,N4,0,congratulation, celebration
乗り物,のりもの,N4,14987,vehicle
ごらんになる,ごらんになる,N4,0,-- honorific expression for みる --
引っ越す,ひっこす,N4,0,to move to a new place of residence
差し上げる,さしあげる,N4,0,-- humble expression for あげる --
中々,なかなか,N4,0,very, considerably, quite
押し入れ,おしいれ,N4,0,closet
引き出し,ひきだし,N4,17650,drawer
駐車場,ちゅうしゃじょう,N4,0,parking lot
天気予報,てんきよほう,N4,0,weather forecast
忘れ物,わすれもの,N4,0,lost article, something forgotten
お子さん,おこさん,N4,0,(someone else's) child (polite)
お見舞い,おみまい,N4,0,calling on someone who is ill, visit
ご存じ,ごぞんじ,N4,10709,knowing, acquaintance
展覧会,てんらんかい,N4,0,exhibition
召し上がる,めしあがる,N4,0,-- honorific form of 食べる (たべる) and 飲む (のむ) --
この間,このあいだ,N4,7312,the other day, recently
新聞社,しんぶんしゃ,N4,0,newspaper company
研究室,けんきゅうしつ,N4,0,the professor's office; laboratory
取り替える,とりかえる,N4,0,to exchange, to replace
間に合う,まにあう,N4,0,to be in time for
役に立つ,やくにたつ,N4,7498,to be helpful, to be useful
真中,まんなか,N4,0,middle, center
この頃,このごろ,N4,0,these days, nowadays
乗り換える,のりかえる,N4,0,to transfer (trains), to change (bus, train, etc.)
看護婦,かんごふ,N4,0,(female) nurse
お陰,おかげ,N4,0,thanks or owing to
朝御飯,あさごはん,N5,0,breakfast
お母さん,おかあさん,N5,15627,mother (formal)
お菓子,おかし,N5,12671,confections, sweets, snack
お金,おかね,N5,8731,money
お酒,おさけ,N5,0,sake; alcohol
お皿,おさら,N5,0,plate, dish
お茶,おちゃ,N5,11887,(green) tea
お手洗い,おてあらい,N5,0,toilet, restroom, bathroom (lit., a place to wash one's hands)
お父さん,おとうさん,N5,16860,father (formal)
男の子,おとこのこ,N5,11384,boy
お腹,おなか,N5,0,stomach
お兄さん,おにいさん,N5,0,(someone else's) older brother (formal)
お姉さん,おねえさん,N5,0,older sister (formal)
伯母さん,おばさん,N5,0,aunt
お風呂,おふろ,N5,0,a bath
お弁当,おべんとう,N5,0,a boxed lunch
女の子,おんなのこ,N5,4536,girl
外国人,がいこくじん,N5,0,foreigner
買い物,かいもの,N5,14469,shopping
～か月,～かげつ,N5,0,(number of) months
九日,ここのか,N5,0,nine days; ninth day of the month
さ来年,さらいねん,N5,0,year after next
食べ物,たべもの,N5,8355,food
温い,ぬるい,N5,0,lukewarm
飲み物,のみもの,N5,0,drink, beverage
晩御飯,ばんごはん,N5,0,dinner, evening meal
一月,ひとつき,N5,17929,one month
昼御飯,ひるごはん,N5,0,lunch, midday meal
六日,むいか,N5,0,six days; sixth day of month
郵便局,ゆうびんきょく,N5,0,post office
四日,よっか,N5,0,four days; fourth day of the month
ラジオカセット,ラジオカセット,N5,0,radio cassette player
